<xml xmlns="http://www.w3.org/1999/xhtml">
  <tab name="Init" type="InitTab" active="false" scrollx="20.000000000000227" scrolly="9" scale="0.9">
    <block xmlns="https://developers.google.com/blockly/xml" type="initSettings" id="z_pmfPBs(Qt8cAZHuYZn" x="-10" y="-10">
      <field name="LOAD_COMP_ASSETS">TRUE</field>
      <field name="FULLSCREEN">FALSE</field>
      <field name="BKG_TRANSPARENCY">TRUE</field>
      <field name="PRESERVE_DRAW_BUF">FALSE</field>
      <field name="FADE_ANNOTATIONS">TRUE</field>
    </block>
  </tab>
  <tab name="New Tab" type="CommonTab" active="true" scrollx="50.96209581340858" scrolly="57.79890422611618" scale="0.5387568978066388">
    <block xmlns="https://developers.google.com/blockly/xml" type="addHTMLElement" id="50p,|s=U)nG/BNxxk`iq" x="10" y="30">
      <field name="ELEMENT">a</field>
      <field name="MODE">TO</field>
      <field name="PARENT">FALSE</field>
      <value name="ID">
        <shadow type="text" id="NeF8@7A-/Z,p9sBrL`2Y">
          <field name="TEXT">enter_AR_button</field>
        </shadow>
      </value>
      <value name="TARGET_ID">
        <shadow type="DOMObjectSelector" id="ouVWo~#R(82S1zq{c1om">
          <field name="DOM_OBJECT">CONTAINER</field>
        </shadow>
      </value>
      <next>
        <block type="addHTMLElement" id="LQQ9Q3]1%Y.zZfqDk:!h">
          <field name="ELEMENT">img</field>
          <field name="MODE">TO</field>
          <field name="PARENT">FALSE</field>
          <value name="ID">
            <shadow type="text" id="dtl1V(k`Rkvs~r;:g*Q6">
              <field name="TEXT">enter_AR_img</field>
            </shadow>
          </value>
          <value name="TARGET_ID">
            <shadow type="DOMObjectSelector" id="T;MrDJd{vfJ0=BKiuYXg">
              <field name="DOM_OBJECT">CONTAINER</field>
            </shadow>
            <block type="text" id="e]*;SNw*V6(M5t{LgI#c">
              <field name="TEXT">enter_AR_button</field>
            </block>
          </value>
          <next>
            <block type="setHTMLElemAttribute" id="97M6$`X{XC%utg$Ej9[4">
              <field name="ATTRIBUTE">src</field>
              <field name="PARENT">FALSE</field>
              <value name="VALUE">
                <shadow type="text" id="*,oxt;B-dD2;Vu?ksK4(">
                  <field name="TEXT"></field>
                </shadow>
                <block type="text" id="]fw[;fNn(y4Rx1(ZPwyu">
                  <field name="TEXT">media/enter_AR_button.png</field>
                </block>
              </value>
              <value name="ID">
                <shadow type="text" id="i4s:M3v(/(8I9a!L~$|z">
                  <field name="TEXT">enter_AR_img</field>
                </shadow>
              </value>
            </block>
          </next>
        </block>
      </next>
    </block>
  </tab>
  <editorsettings viewport-x="903.5999999999999" viewport-y="37" viewport-w="614.4" viewport-h="347.5" viewport-hidden="false" toolbox-library-mode="false" toolbox-minimized-mode="false"></editorsettings>
</xml>