<xml xmlns="http://www.w3.org/1999/xhtml">
  <tab name="Init" type="InitTab" active="false" scrollx="20.000000000000227" scrolly="9" scale="0.9">
    <block xmlns="https://developers.google.com/blockly/xml" type="initSettings" id="z_pmfPBs(Qt8cAZHuYZn" x="-10" y="-10">
      <field name="LOAD_COMP_ASSETS">TRUE</field>
      <field name="FULLSCREEN">FALSE</field>
      <field name="BKG_TRANSPARENCY">TRUE</field>
      <field name="PRESERVE_DRAW_BUF">FALSE</field>
      <field name="FADE_ANNOTATIONS">TRUE</field>
    </block>
  </tab>
  <tab name="New Tab" type="CommonTab" active="true" scrollx="89.85214992580063" scrolly="196.60760030754466" scale="0.6548623765145807">
    <block xmlns="https://developers.google.com/blockly/xml" type="createCSSRule" id="^uU*{JrWBVl+UX}SCixc" x="10" y="-310">
      <mutation xmlns="http://www.w3.org/1999/xhtml" mediaruleslot="false"></mutation>
      <field name="PARENT">FALSE</field>
      <value name="CSS_RULE">
        <shadow type="text" id="wm;MWd`.,2aW1dZ?bArp">
          <field name="TEXT">.enter-AR-button</field>
        </shadow>
      </value>
      <value name="CSS_RULE_CONT">
        <shadow type="cssStyleList" id="n4#M``Dy,#0.~`sdu?vO">
          <mutation xmlns="http://www.w3.org/1999/xhtml">
            <prop name="position" shadowvalue="absolute"></prop>
            <prop name="display" shadowvalue="block"></prop>
            <prop name="z-index" shadowvalue="1"></prop>
            <prop name="background-color" shadowvalue="rgda(255,255,255,0)"></prop>
            <prop name="width" shadowvalue="200px"></prop>
            <prop name="height" shadowvalue="50px"></prop>
            <prop name="bottom" shadowvalue="20px"></prop>
            <prop name="left" shadowvalue="50%"></prop>
            <prop name="margin-left" shadowvalue="-100px"></prop>
            <prop name="background-size" shadowvalue="100%"></prop>
            <prop name="cursor" shadowvalue="pointer"></prop>
            <prop name="outline" shadowvalue="none"></prop>
          </mutation>
          <value name="PROP0">
            <shadow type="positionDropdown" id="-[0BPV.qyuJxeEdJ+bYe">
              <field name="TEXT">absolute</field>
            </shadow>
          </value>
          <value name="PROP1">
            <shadow type="displayDropdown" id=";480}}rJKG.A%iux!=7?">
              <field name="TEXT">block</field>
            </shadow>
          </value>
          <value name="PROP2">
            <shadow type="text" id="013u}sXN_.g?S#TyjU:x">
              <field name="TEXT">1</field>
            </shadow>
          </value>
          <value name="PROP3">
            <shadow type="text" id="%ZPI(fV]02K.SI$,5#;G">
              <field name="TEXT">rgda(255,255,255,0)</field>
            </shadow>
          </value>
          <value name="PROP4">
            <shadow type="text" id="`4EVMwrbJyjJl9$qCIQ(">
              <field name="TEXT">200px</field>
            </shadow>
          </value>
          <value name="PROP5">
            <shadow type="text" id="`CBz(sF=WBrvAX4C,H0(">
              <field name="TEXT">50px</field>
            </shadow>
          </value>
          <value name="PROP6">
            <shadow type="text" id="EvQ)ZWGi@P,aA!/$5y,L">
              <field name="TEXT">20px</field>
            </shadow>
          </value>
          <value name="PROP7">
            <shadow type="text" id="6DiSVm]q`;0ekzP{Tq-*">
              <field name="TEXT">50%</field>
            </shadow>
          </value>
          <value name="PROP8">
            <shadow type="text" id="H0N{GmepMPPZF247w_d^">
              <field name="TEXT">-100px</field>
            </shadow>
          </value>
          <value name="PROP9">
            <shadow type="text" id="XgHD=bL`xjc3(Mg7N_*z">
              <field name="TEXT">100%</field>
            </shadow>
          </value>
          <value name="PROP10">
            <shadow type="cursorDropdown" id="x$tgWZ1A;j!V-0X9*7_m">
              <field name="TEXT">pointer</field>
            </shadow>
          </value>
          <value name="PROP11">
            <shadow type="text" id="T}*r^91=g=xE:J~fpu#@">
              <field name="TEXT">0</field>
            </shadow>
          </value>
        </shadow>
      </value>
      <next>
        <block type="addHTMLElement" id="50p,|s=U)nG/BNxxk`iq">
          <field name="ELEMENT">a</field>
          <field name="MODE">TO</field>
          <field name="PARENT">FALSE</field>
          <value name="ID">
            <shadow type="text" id="NeF8@7A-/Z,p9sBrL`2Y">
              <field name="TEXT">enter_AR_button</field>
            </shadow>
          </value>
          <value name="TARGET_ID">
            <shadow type="DOMObjectSelector" id="ouVWo~#R(82S1zq{c1om">
              <field name="DOM_OBJECT">CONTAINER</field>
            </shadow>
          </value>
          <next>
            <block type="setHTMLElemAttribute" id="8j6~sfmY33/ia2ruRfAE">
              <field name="ATTRIBUTE">className</field>
              <field name="PARENT">FALSE</field>
              <value name="VALUE">
                <shadow type="text" id="INd_%?rI$T,mh)1JwPyB">
                  <field name="TEXT">myClass</field>
                </shadow>
                <block type="text" id="X{_=HT@78b|(D*(4nEeb">
                  <field name="TEXT">enter-AR-button</field>
                </block>
              </value>
              <value name="ID">
                <shadow type="text" id="N`D285QZE5I?(3YYxGf(">
                  <field name="TEXT">enter_AR_img</field>
                </shadow>
              </value>
              <next>
                <block type="addHTMLElement" id="LQQ9Q3]1%Y.zZfqDk:!h">
                  <field name="ELEMENT">img</field>
                  <field name="MODE">TO</field>
                  <field name="PARENT">FALSE</field>
                  <value name="ID">
                    <shadow type="text" id="dtl1V(k`Rkvs~r;:g*Q6">
                      <field name="TEXT">enter_AR_img</field>
                    </shadow>
                  </value>
                  <value name="TARGET_ID">
                    <shadow type="DOMObjectSelector" id="T;MrDJd{vfJ0=BKiuYXg">
                      <field name="DOM_OBJECT">CONTAINER</field>
                    </shadow>
                    <block type="text" id="e]*;SNw*V6(M5t{LgI#c">
                      <field name="TEXT">enter_AR_button</field>
                    </block>
                  </value>
                  <next>
                    <block type="setHTMLElemAttribute" id="97M6$`X{XC%utg$Ej9[4">
                      <field name="ATTRIBUTE">src</field>
                      <field name="PARENT">FALSE</field>
                      <value name="VALUE">
                        <shadow type="text" id="*,oxt;B-dD2;Vu?ksK4(">
                          <field name="TEXT"></field>
                        </shadow>
                        <block type="text" id="]fw[;fNn(y4Rx1(ZPwyu">
                          <field name="TEXT">media/enter_AR_button.png</field>
                        </block>
                      </value>
                      <value name="ID">
                        <shadow type="text" id="i4s:M3v(/(8I9a!L~$|z">
                          <field name="TEXT">enter_AR_img</field>
                        </shadow>
                      </value>
                    </block>
                  </next>
                </block>
              </next>
            </block>
          </next>
        </block>
      </next>
    </block>
  </tab>
  <editorsettings viewport-x="903.5999999999999" viewport-y="37" viewport-w="614.4" viewport-h="347.5" viewport-hidden="false" toolbox-library-mode="false" toolbox-minimized-mode="false"></editorsettings>
</xml>