<xml xmlns="http://www.w3.org/1999/xhtml">
  <tab name="Init" type="InitTab" active="false" scrollx="20.000000000000227" scrolly="9" scale="0.9">
    <block xmlns="https://developers.google.com/blockly/xml" type="initSettings" id="z_pmfPBs(Qt8cAZHuYZn" x="-10" y="-10">
      <field name="LOAD_COMP_ASSETS">TRUE</field>
      <field name="FULLSCREEN">FALSE</field>
      <field name="BKG_TRANSPARENCY">TRUE</field>
      <field name="PRESERVE_DRAW_BUF">FALSE</field>
      <field name="FADE_ANNOTATIONS">TRUE</field>
    </block>
  </tab>
  <tab name="interface" type="CommonTab" active="false" scrollx="129.02804337804457" scrolly="448.7213746463967" scale="0.40202869218750004">
    <block xmlns="https://developers.google.com/blockly/xml" type="createCSSRule" id="^uU*{JrWBVl+UX}SCixc" x="-190" y="-990">
      <mutation xmlns="http://www.w3.org/1999/xhtml" mediaruleslot="false"></mutation>
      <field name="PARENT">FALSE</field>
      <value name="CSS_RULE">
        <shadow type="text" id="wm;MWd`.,2aW1dZ?bArp">
          <field name="TEXT">.enter-AR-button</field>
        </shadow>
      </value>
      <value name="CSS_RULE_CONT">
        <shadow type="cssStyleList" id="n4#M``Dy,#0.~`sdu?vO">
          <mutation xmlns="http://www.w3.org/1999/xhtml">
            <prop name="position" shadowvalue="absolute"></prop>
            <prop name="display" shadowvalue="block"></prop>
            <prop name="z-index" shadowvalue="1"></prop>
            <prop name="background-color" shadowvalue="rgda(255,255,255,0)"></prop>
            <prop name="width" shadowvalue="200px"></prop>
            <prop name="height" shadowvalue="50px"></prop>
            <prop name="bottom" shadowvalue="20px"></prop>
            <prop name="left" shadowvalue="50%"></prop>
            <prop name="margin-left" shadowvalue="-100px"></prop>
            <prop name="background-size" shadowvalue="100%"></prop>
            <prop name="cursor" shadowvalue="pointer"></prop>
            <prop name="outline" shadowvalue="none"></prop>
          </mutation>
          <value name="PROP0">
            <shadow type="positionDropdown" id="-[0BPV.qyuJxeEdJ+bYe">
              <field name="TEXT">absolute</field>
            </shadow>
          </value>
          <value name="PROP1">
            <shadow type="displayDropdown" id=";480}}rJKG.A%iux!=7?">
              <field name="TEXT">block</field>
            </shadow>
          </value>
          <value name="PROP2">
            <shadow type="text" id="013u}sXN_.g?S#TyjU:x">
              <field name="TEXT">1</field>
            </shadow>
          </value>
          <value name="PROP3">
            <shadow type="text" id="%ZPI(fV]02K.SI$,5#;G">
              <field name="TEXT">rgda(255,255,255,0)</field>
            </shadow>
          </value>
          <value name="PROP4">
            <shadow type="text" id="`4EVMwrbJyjJl9$qCIQ(">
              <field name="TEXT">200px</field>
            </shadow>
          </value>
          <value name="PROP5">
            <shadow type="text" id="`CBz(sF=WBrvAX4C,H0(">
              <field name="TEXT">50px</field>
            </shadow>
          </value>
          <value name="PROP6">
            <shadow type="text" id="EvQ)ZWGi@P,aA!/$5y,L">
              <field name="TEXT">20px</field>
            </shadow>
          </value>
          <value name="PROP7">
            <shadow type="text" id="6DiSVm]q`;0ekzP{Tq-*">
              <field name="TEXT">50%</field>
            </shadow>
          </value>
          <value name="PROP8">
            <shadow type="text" id="H0N{GmepMPPZF247w_d^">
              <field name="TEXT">-100px</field>
            </shadow>
          </value>
          <value name="PROP9">
            <shadow type="text" id="XgHD=bL`xjc3(Mg7N_*z">
              <field name="TEXT">100%</field>
            </shadow>
          </value>
          <value name="PROP10">
            <shadow type="cursorDropdown" id="x$tgWZ1A;j!V-0X9*7_m">
              <field name="TEXT">pointer</field>
            </shadow>
          </value>
          <value name="PROP11">
            <shadow type="text" id="T}*r^91=g=xE:J~fpu#@">
              <field name="TEXT">0</field>
            </shadow>
          </value>
        </shadow>
      </value>
      <next>
        <block type="addHTMLElement" id="50p,|s=U)nG/BNxxk`iq">
          <field name="ELEMENT">a</field>
          <field name="MODE">TO</field>
          <field name="PARENT">FALSE</field>
          <value name="ID">
            <shadow type="text" id="NeF8@7A-/Z,p9sBrL`2Y">
              <field name="TEXT">enter_AR_button</field>
            </shadow>
          </value>
          <value name="TARGET_ID">
            <shadow type="DOMObjectSelector" id="ouVWo~#R(82S1zq{c1om">
              <field name="DOM_OBJECT">CONTAINER</field>
            </shadow>
          </value>
          <next>
            <block type="setHTMLElemAttribute" id="8j6~sfmY33/ia2ruRfAE">
              <field name="ATTRIBUTE">className</field>
              <field name="PARENT">FALSE</field>
              <value name="VALUE">
                <shadow type="text" id="INd_%?rI$T,mh)1JwPyB">
                  <field name="TEXT">myClass</field>
                </shadow>
                <block type="text" id="X{_=HT@78b|(D*(4nEeb">
                  <field name="TEXT">enter-AR-button</field>
                </block>
              </value>
              <value name="ID">
                <shadow type="text" id="N`D285QZE5I?(3YYxGf(">
                  <field name="TEXT">enter_AR_button</field>
                </shadow>
              </value>
              <next>
                <block type="addHTMLElement" id="LQQ9Q3]1%Y.zZfqDk:!h">
                  <field name="ELEMENT">img</field>
                  <field name="MODE">TO</field>
                  <field name="PARENT">FALSE</field>
                  <value name="ID">
                    <shadow type="text" id="dtl1V(k`Rkvs~r;:g*Q6">
                      <field name="TEXT">enter_AR_img</field>
                    </shadow>
                  </value>
                  <value name="TARGET_ID">
                    <shadow type="DOMObjectSelector" id="T;MrDJd{vfJ0=BKiuYXg">
                      <field name="DOM_OBJECT">CONTAINER</field>
                    </shadow>
                    <block type="text" id="e]*;SNw*V6(M5t{LgI#c">
                      <field name="TEXT">enter_AR_button</field>
                    </block>
                  </value>
                  <next>
                    <block type="setHTMLElemAttribute" id="97M6$`X{XC%utg$Ej9[4">
                      <field name="ATTRIBUTE">src</field>
                      <field name="PARENT">FALSE</field>
                      <value name="VALUE">
                        <shadow type="text" id="*,oxt;B-dD2;Vu?ksK4(">
                          <field name="TEXT"></field>
                        </shadow>
                        <block type="text" id="]fw[;fNn(y4Rx1(ZPwyu">
                          <field name="TEXT">media/enter_AR_button.png</field>
                        </block>
                      </value>
                      <value name="ID">
                        <shadow type="text" id="i4s:M3v(/(8I9a!L~$|z">
                          <field name="TEXT">enter_AR_img</field>
                        </shadow>
                      </value>
                    </block>
                  </next>
                </block>
              </next>
            </block>
          </next>
        </block>
      </next>
    </block>
    <block xmlns="https://developers.google.com/blockly/xml" type="createCSSRule" id="KE/zyxu;zZ{Q(YX]GMvY" x="-150" y="-470">
      <mutation xmlns="http://www.w3.org/1999/xhtml" mediaruleslot="false"></mutation>
      <field name="PARENT">FALSE</field>
      <value name="CSS_RULE">
        <shadow type="text" id="4HpcE@Gpn9/WgpN|hEq:">
          <field name="TEXT">.warning-center</field>
        </shadow>
      </value>
      <value name="CSS_RULE_CONT">
        <shadow type="cssStyleList" id="+#)SAWOI85iAUw_Ihh##">
          <mutation xmlns="http://www.w3.org/1999/xhtml">
            <prop name="position" shadowvalue="absolute"></prop>
            <prop name="width" shadowvalue="100%"></prop>
            <prop name="height" shadowvalue="50px"></prop>
            <prop name="top" shadowvalue="50%"></prop>
            <prop name="margin-top" shadowvalue="-25px"></prop>
            <prop name="left" shadowvalue="0px"></prop>
            <prop name="display" shadowvalue="block"></prop>
          </mutation>
          <value name="PROP0">
            <shadow type="positionDropdown" id="$)~pUp.Tiv0FJ;-~nJ$G">
              <field name="TEXT">absolute</field>
            </shadow>
          </value>
          <value name="PROP1">
            <shadow type="text" id="eMi%0TFJ}HH|W%rrLM(]">
              <field name="TEXT">100%</field>
            </shadow>
          </value>
          <value name="PROP2">
            <shadow type="text" id="_~VvJr0[UF9Zk~~BG^4m">
              <field name="TEXT">50px</field>
            </shadow>
          </value>
          <value name="PROP3">
            <shadow type="text" id="K$yGwABj26BTU7uzK`HJ">
              <field name="TEXT">50%</field>
            </shadow>
          </value>
          <value name="PROP4">
            <shadow type="text" id="f/v(rOQ^/gd:Mug9E!f~">
              <field name="TEXT">-25px</field>
            </shadow>
          </value>
          <value name="PROP5">
            <shadow type="text" id="^YWfE_E=rx1Qcu-KuiR:">
              <field name="TEXT">0px</field>
            </shadow>
          </value>
          <value name="PROP6">
            <shadow type="displayDropdown" id="4+%t#z]TU_S%+~OIBJ`F">
              <field name="TEXT">block</field>
            </shadow>
          </value>
        </shadow>
      </value>
      <next>
        <block type="addHTMLElement" id="(MpC.5Jt4HlzL[FQ$|=q">
          <field name="ELEMENT">div</field>
          <field name="MODE">TO</field>
          <field name="PARENT">FALSE</field>
          <value name="ID">
            <shadow type="text" id="b`OX2VR#~~h},TbgnR6h">
              <field name="TEXT">warning_center</field>
            </shadow>
          </value>
          <value name="TARGET_ID">
            <shadow type="DOMObjectSelector" id="1_:w#aO!hJ%LjKQO0dHw">
              <field name="DOM_OBJECT">CONTAINER</field>
            </shadow>
          </value>
          <next>
            <block type="setHTMLElemAttribute" id="g!)Null`PL]5S7?N76pi">
              <field name="ATTRIBUTE">className</field>
              <field name="PARENT">FALSE</field>
              <value name="VALUE">
                <shadow type="text" id="INd_%?rI$T,mh)1JwPyB">
                  <field name="TEXT">myClass</field>
                </shadow>
                <block type="text" id="u@5HywJtRnp/Rz`U2mE^">
                  <field name="TEXT">warning-center</field>
                </block>
              </value>
              <value name="ID">
                <shadow type="text" id="*Qo~79mimzmV*{pS~0G@">
                  <field name="TEXT">warning_center</field>
                </shadow>
              </value>
              <next>
                <block type="createCSSRule" id="N^:51zGK2e}kY1@}!rk)">
                  <mutation xmlns="http://www.w3.org/1999/xhtml" mediaruleslot="false"></mutation>
                  <field name="PARENT">FALSE</field>
                  <value name="CSS_RULE">
                    <shadow type="text" id="@H,.m~^KbHYMuz~8o:Ym">
                      <field name="TEXT">.warning-AR-unavailable</field>
                    </shadow>
                  </value>
                  <value name="CSS_RULE_CONT">
                    <shadow type="cssStyleList" id="5kEgv9)7dAtsU@QPPWo[">
                      <mutation xmlns="http://www.w3.org/1999/xhtml">
                        <prop name="position" shadowvalue="absolute"></prop>
                        <prop name="width" shadowvalue="242px"></prop>
                        <prop name="height" shadowvalue="50px"></prop>
                        <prop name="left" shadowvalue="50%"></prop>
                        <prop name="margin-left" shadowvalue="-121px"></prop>
                        <prop name="display" shadowvalue="block"></prop>
                      </mutation>
                      <value name="PROP0">
                        <shadow type="positionDropdown" id="OEWWK@eRYBOxBt(7?}oA">
                          <field name="TEXT">absolute</field>
                        </shadow>
                      </value>
                      <value name="PROP1">
                        <shadow type="text" id="Nydqxj_*@QuOg*Z+b%#k">
                          <field name="TEXT">242px</field>
                        </shadow>
                      </value>
                      <value name="PROP2">
                        <shadow type="text" id="Bp9|EqQ$l#:SO3dAuC/,">
                          <field name="TEXT">50px</field>
                        </shadow>
                      </value>
                      <value name="PROP3">
                        <shadow type="text" id="ACNwN#;,SCCD$z_QsL5C">
                          <field name="TEXT">50%</field>
                        </shadow>
                      </value>
                      <value name="PROP4">
                        <shadow type="text" id="(xGcAu|@HPz5W`i~#wk9">
                          <field name="TEXT">-121px</field>
                        </shadow>
                      </value>
                      <value name="PROP5">
                        <shadow type="displayDropdown" id="Ru-Rq7I-GH+rIA.Oar)=">
                          <field name="TEXT">none</field>
                        </shadow>
                      </value>
                    </shadow>
                  </value>
                  <next>
                    <block type="addHTMLElement" id="Q6w0jS{_RF|c:l[t+7+Y">
                      <field name="ELEMENT">div</field>
                      <field name="MODE">TO</field>
                      <field name="PARENT">FALSE</field>
                      <value name="ID">
                        <shadow type="text" id="Iv!F*q]l9k}(c@X@FMQ$">
                          <field name="TEXT">warning_AR_unavailable</field>
                        </shadow>
                      </value>
                      <value name="TARGET_ID">
                        <shadow type="DOMObjectSelector" id="@oh`{_8EG:5TTwN|$xIa">
                          <field name="DOM_OBJECT">CONTAINER</field>
                        </shadow>
                        <block type="text" id="3/TbIcC`nE`cY@ybW0gg">
                          <field name="TEXT">warning_center</field>
                        </block>
                      </value>
                      <next>
                        <block type="setHTMLElemAttribute" id="%I(x%):Xzy.xJK_$9uh$">
                          <field name="ATTRIBUTE">className</field>
                          <field name="PARENT">FALSE</field>
                          <value name="VALUE">
                            <shadow type="text" id="INd_%?rI$T,mh)1JwPyB">
                              <field name="TEXT">myClass</field>
                            </shadow>
                            <block type="text" id="EGT[a02ra@OO-+v7dw5G">
                              <field name="TEXT">warning-AR-unavailable</field>
                            </block>
                          </value>
                          <value name="ID">
                            <shadow type="text" id="Hxq85:_G}RguME*x~lW4">
                              <field name="TEXT">warning_AR_unavailable</field>
                            </shadow>
                          </value>
                          <next>
                            <block type="addHTMLElement" id="Ox:|RlVvd{i;/uI0uj@w">
                              <field name="ELEMENT">img</field>
                              <field name="MODE">TO</field>
                              <field name="PARENT">FALSE</field>
                              <value name="ID">
                                <shadow type="text" id="nIpA|}5z!.+Ji~%=jDfP">
                                  <field name="TEXT">warning_AR_unavailable_img</field>
                                </shadow>
                              </value>
                              <value name="TARGET_ID">
                                <shadow type="DOMObjectSelector" id="8mf{htx^Sja}o+n;@KVe">
                                  <field name="DOM_OBJECT">CONTAINER</field>
                                </shadow>
                                <block type="text" id="MV$*8Ie*Prur`0HL-Es[">
                                  <field name="TEXT">warning_AR_unavailable</field>
                                </block>
                              </value>
                              <next>
                                <block type="setHTMLElemAttribute" id="owC8)ZEeujyw@2GLu`-+">
                                  <field name="ATTRIBUTE">src</field>
                                  <field name="PARENT">FALSE</field>
                                  <value name="VALUE">
                                    <shadow type="text" id="*,oxt;B-dD2;Vu?ksK4(">
                                      <field name="TEXT"></field>
                                    </shadow>
                                    <block type="text" id="0`%K@bLC`^#6]prJ^UK{">
                                      <field name="TEXT">media/warning_AR_unavailable.png</field>
                                    </block>
                                  </value>
                                  <value name="ID">
                                    <shadow type="text" id="USaP-S+=O}w{dZYZOG[^">
                                      <field name="TEXT">warning_AR_unavailable_img</field>
                                    </shadow>
                                  </value>
                                  <next>
                                    <block type="createCSSRule" id="C)BYBsm+-t`XV-sj[5y(">
                                      <mutation xmlns="http://www.w3.org/1999/xhtml" mediaruleslot="false"></mutation>
                                      <field name="PARENT">FALSE</field>
                                      <value name="CSS_RULE">
                                        <shadow type="text" id="AQkaHnC/|y73YyRfCCFM">
                                          <field name="TEXT">.warning-could-not-enter-AR</field>
                                        </shadow>
                                      </value>
                                      <value name="CSS_RULE_CONT">
                                        <shadow type="cssStyleList" id="(J4)!Jhp(G2Q~0E7v[Rr">
                                          <mutation xmlns="http://www.w3.org/1999/xhtml">
                                            <prop name="position" shadowvalue="absolute"></prop>
                                            <prop name="width" shadowvalue="362px"></prop>
                                            <prop name="height" shadowvalue="50px"></prop>
                                            <prop name="left" shadowvalue="50%"></prop>
                                            <prop name="margin-left" shadowvalue="-181px"></prop>
                                            <prop name="display" shadowvalue="none"></prop>
                                            <prop name="z-index" shadowvalue="auto"></prop>
                                          </mutation>
                                          <value name="PROP0">
                                            <shadow type="positionDropdown" id="p%lu|GdR?Cwun;Oc[M.9">
                                              <field name="TEXT">absolute</field>
                                            </shadow>
                                          </value>
                                          <value name="PROP1">
                                            <shadow type="text" id="v(`v9|mUl$#MJSel*l=9">
                                              <field name="TEXT">181px</field>
                                            </shadow>
                                          </value>
                                          <value name="PROP2">
                                            <shadow type="text" id="~_/F$*f5wcrr2S3`di,[">
                                              <field name="TEXT">50px</field>
                                            </shadow>
                                          </value>
                                          <value name="PROP3">
                                            <shadow type="text" id="o{,V`FlEaXl:tjFb5;Q:">
                                              <field name="TEXT">50%</field>
                                            </shadow>
                                          </value>
                                          <value name="PROP4">
                                            <shadow type="text" id="7KQZZsy2,)_[`Or;klW+">
                                              <field name="TEXT">-90px</field>
                                            </shadow>
                                          </value>
                                          <value name="PROP5">
                                            <shadow type="displayDropdown" id="lwBT_I+.y$@aPH0h/gfg">
                                              <field name="TEXT">none</field>
                                            </shadow>
                                          </value>
                                          <value name="PROP6">
                                            <shadow type="text" id="Oke-vTJBP6.16#M3]M{?">
                                              <field name="TEXT">1</field>
                                            </shadow>
                                          </value>
                                        </shadow>
                                      </value>
                                      <next>
                                        <block type="addHTMLElement" id="o~h8}rJZ[b8`]/HA3m^#">
                                          <field name="ELEMENT">div</field>
                                          <field name="MODE">TO</field>
                                          <field name="PARENT">FALSE</field>
                                          <value name="ID">
                                            <shadow type="text" id="N,:u5sgu`X1WHpnrVZYw">
                                              <field name="TEXT">warning_could_not_enter_AR</field>
                                            </shadow>
                                          </value>
                                          <value name="TARGET_ID">
                                            <shadow type="DOMObjectSelector" id="@oh`{_8EG:5TTwN|$xIa">
                                              <field name="DOM_OBJECT">CONTAINER</field>
                                            </shadow>
                                            <block type="text" id="ri@hBF(pfC2l2XsPpZLg">
                                              <field name="TEXT">warning_center</field>
                                            </block>
                                          </value>
                                          <next>
                                            <block type="setHTMLElemAttribute" id="-`_RB--0A(toE`nzVHKW">
                                              <field name="ATTRIBUTE">className</field>
                                              <field name="PARENT">FALSE</field>
                                              <value name="VALUE">
                                                <shadow type="text" id="INd_%?rI$T,mh)1JwPyB">
                                                  <field name="TEXT">myClass</field>
                                                </shadow>
                                                <block type="text" id="T?KS##*C5y!^5U%tBtZ0">
                                                  <field name="TEXT">warning-could-not-enter-AR</field>
                                                </block>
                                              </value>
                                              <value name="ID">
                                                <shadow type="text" id="T#7-8DRb)W-m$N*o~Pu)">
                                                  <field name="TEXT">warning_could_not_enter_AR</field>
                                                </shadow>
                                              </value>
                                              <next>
                                                <block type="addHTMLElement" id="x:,osSI!++bRj?RME%ZI">
                                                  <field name="ELEMENT">img</field>
                                                  <field name="MODE">TO</field>
                                                  <field name="PARENT">FALSE</field>
                                                  <value name="ID">
                                                    <shadow type="text" id="uEFtI_!L3CWg/p{8XIfJ">
                                                      <field name="TEXT">warning_could_not_enter_AR_img</field>
                                                    </shadow>
                                                  </value>
                                                  <value name="TARGET_ID">
                                                    <shadow type="DOMObjectSelector" id="8mf{htx^Sja}o+n;@KVe">
                                                      <field name="DOM_OBJECT">CONTAINER</field>
                                                    </shadow>
                                                    <block type="text" id="M_NlBF+msK!u9z0|+hj-">
                                                      <field name="TEXT">warning_could_not_enter_AR</field>
                                                    </block>
                                                  </value>
                                                  <next>
                                                    <block type="setHTMLElemAttribute" id="ty`MAz*k$/p(*#IGUaa/">
                                                      <field name="ATTRIBUTE">src</field>
                                                      <field name="PARENT">FALSE</field>
                                                      <value name="VALUE">
                                                        <shadow type="text" id="*,oxt;B-dD2;Vu?ksK4(">
                                                          <field name="TEXT"></field>
                                                        </shadow>
                                                        <block type="text" id="NwB8oqZ/K9%+tp$E@32j">
                                                          <field name="TEXT">media/warning_could_not_enter_AR.png</field>
                                                        </block>
                                                      </value>
                                                      <value name="ID">
                                                        <shadow type="text" id="HQ(q`Z4[$omm~^bO6;{@">
                                                          <field name="TEXT">warning_could_not_enter_AR_img</field>
                                                        </shadow>
                                                      </value>
                                                      <next>
                                                        <block type="createCSSRule" id="$Y,%xi=}]N3C?m=Z:=sH">
                                                          <mutation xmlns="http://www.w3.org/1999/xhtml" mediaruleslot="false"></mutation>
                                                          <field name="PARENT">FALSE</field>
                                                          <value name="CSS_RULE">
                                                            <shadow type="text" id="^2,dR_SQTZ_J7,VmY{(Q">
                                                              <field name="TEXT">.info-button</field>
                                                            </shadow>
                                                          </value>
                                                          <value name="CSS_RULE_CONT">
                                                            <shadow type="cssStyleList" id="%zS}%8oPK3IWR7hPJ|1d">
                                                              <mutation xmlns="http://www.w3.org/1999/xhtml">
                                                                <prop name="position" shadowvalue="absolute"></prop>
                                                                <prop name="width" shadowvalue="50px"></prop>
                                                                <prop name="height" shadowvalue="50px"></prop>
                                                                <prop name="z-index" shadowvalue="1"></prop>
                                                                <prop name="top" shadowvalue="10px"></prop>
                                                                <prop name="right" shadowvalue="10px"></prop>
                                                                <prop name="background-repeat" shadowvalue="no-repeat"></prop>
                                                                <prop name="display" shadowvalue="block"></prop>
                                                                <prop name="overflow" shadowvalue="hidden"></prop>
                                                                <prop name="border-style" shadowvalue="none"></prop>
                                                                <prop name="border-color" shadowvalue="#000000"></prop>
                                                                <prop name="cursor" shadowvalue="default"></prop>
                                                              </mutation>
                                                              <value name="PROP0">
                                                                <shadow type="positionDropdown" id="|LXywCa5=G3@eN0+`cKm">
                                                                  <field name="TEXT">absolute</field>
                                                                </shadow>
                                                              </value>
                                                              <value name="PROP1">
                                                                <shadow type="text" id="rM6Fv^5;ky(C)WlWW9Z(">
                                                                  <field name="TEXT">50px</field>
                                                                </shadow>
                                                              </value>
                                                              <value name="PROP2">
                                                                <shadow type="text" id="c+Zze~)^mK*r=IP,F8tf">
                                                                  <field name="TEXT">50px</field>
                                                                </shadow>
                                                              </value>
                                                              <value name="PROP3">
                                                                <shadow type="text" id="_(obKteWW2;RC99hACJW">
                                                                  <field name="TEXT">1</field>
                                                                </shadow>
                                                              </value>
                                                              <value name="PROP4">
                                                                <shadow type="text" id="/;Tkljw$EG{J7^q2Dur0">
                                                                  <field name="TEXT">10px</field>
                                                                </shadow>
                                                              </value>
                                                              <value name="PROP5">
                                                                <shadow type="text" id="m!$hQ(kHwdXGJY|~(G,A">
                                                                  <field name="TEXT">10px</field>
                                                                </shadow>
                                                              </value>
                                                              <value name="PROP6">
                                                                <shadow type="text" id="wowEi}ba4RKgY$KvDLn.">
                                                                  <field name="TEXT">no-repeat</field>
                                                                </shadow>
                                                              </value>
                                                              <value name="PROP7">
                                                                <shadow type="displayDropdown" id="?6I`(3Qx;va3I_[b4DUY">
                                                                  <field name="TEXT">block</field>
                                                                </shadow>
                                                              </value>
                                                              <value name="PROP8">
                                                                <shadow type="overflowDropdown" id="M-a,Rum{}meYHq2J!Y#!">
                                                                  <field name="TEXT">hidden</field>
                                                                </shadow>
                                                              </value>
                                                              <value name="PROP9">
                                                                <shadow type="borderStyleDropdown" id="{_znv:0xMxIhsWm]DbzB">
                                                                  <field name="TEXT">none</field>
                                                                </shadow>
                                                              </value>
                                                              <value name="PROP10">
                                                                <shadow type="text" id="3$`53=FhK_In1(rNENJ2">
                                                                  <field name="TEXT">#000000</field>
                                                                </shadow>
                                                              </value>
                                                              <value name="PROP11">
                                                                <shadow type="cursorDropdown" id="s+69/e3@+K*M0]*2Y]t?">
                                                                  <field name="TEXT">pointer</field>
                                                                </shadow>
                                                              </value>
                                                            </shadow>
                                                          </value>
                                                          <next>
                                                            <block type="addHTMLElement" id=";d}O|W3`(nM_-Lpj`fz$">
                                                              <field name="ELEMENT">a</field>
                                                              <field name="MODE">TO</field>
                                                              <field name="PARENT">FALSE</field>
                                                              <value name="ID">
                                                                <shadow type="text" id="{mVt.y}HYV2ek8^d}K/E">
                                                                  <field name="TEXT">info_button</field>
                                                                </shadow>
                                                              </value>
                                                              <value name="TARGET_ID">
                                                                <shadow type="DOMObjectSelector" id="kqSE#QBf?m,C):dBd(AD">
                                                                  <field name="DOM_OBJECT">CONTAINER</field>
                                                                </shadow>
                                                              </value>
                                                              <next>
                                                                <block type="setHTMLElemAttribute" id="^h*K#FfekWmkeh!azf=F">
                                                                  <field name="ATTRIBUTE">className</field>
                                                                  <field name="PARENT">FALSE</field>
                                                                  <value name="VALUE">
                                                                    <shadow type="text" id="INd_%?rI$T,mh)1JwPyB">
                                                                      <field name="TEXT">myClass</field>
                                                                    </shadow>
                                                                    <block type="text" id="I-!+Dxjl0j=C2#w)-Urz">
                                                                      <field name="TEXT">info-button</field>
                                                                    </block>
                                                                  </value>
                                                                  <value name="ID">
                                                                    <shadow type="text" id=";xfquL:WPboky}hwRyfa">
                                                                      <field name="TEXT">info_button</field>
                                                                    </shadow>
                                                                  </value>
                                                                  <next>
                                                                    <block type="setHTMLElemAttribute" id="Nmy?g`HlYvMhdpHcaEpw">
                                                                      <field name="ATTRIBUTE">href</field>
                                                                      <field name="PARENT">FALSE</field>
                                                                      <value name="VALUE">
                                                                        <shadow type="text" id="iT3%q]3vhu=xyQ{}Jdd+">
                                                                          <field name="TEXT">https://www.soft8soft.com</field>
                                                                        </shadow>
                                                                        <block type="text" id="U1-F]Drf+n?xwv8X8_xN">
                                                                          <field name="TEXT">https://triptik.com</field>
                                                                        </block>
                                                                      </value>
                                                                      <value name="ID">
                                                                        <shadow type="text" id="C{lv%UON{)lCl,bco),K">
                                                                          <field name="TEXT">info_button</field>
                                                                        </shadow>
                                                                      </value>
                                                                      <next>
                                                                        <block type="setHTMLElemAttribute" id="pBSyJRYGu%bAd~+%k|gh">
                                                                          <field name="ATTRIBUTE">target</field>
                                                                          <field name="PARENT">FALSE</field>
                                                                          <value name="VALUE">
                                                                            <shadow type="text" id="m}VO^vi7JD]=^r.rm?$]">
                                                                              <field name="TEXT">_blank</field>
                                                                            </shadow>
                                                                            <block type="text" id="]|S8!7SWXCu^DUS^bOCe">
                                                                              <field name="TEXT">_blank</field>
                                                                            </block>
                                                                          </value>
                                                                          <value name="ID">
                                                                            <shadow type="text" id="S{`rWc_1ePOo./169@`B">
                                                                              <field name="TEXT">info_button</field>
                                                                            </shadow>
                                                                          </value>
                                                                          <next>
                                                                            <block type="addHTMLElement" id="Orx4$YdhoVEGPuSFpE$4">
                                                                              <field name="ELEMENT">img</field>
                                                                              <field name="MODE">TO</field>
                                                                              <field name="PARENT">FALSE</field>
                                                                              <value name="ID">
                                                                                <shadow type="text" id="_u_Di2aPeM]hVq5RZLxX">
                                                                                  <field name="TEXT">info_button_img</field>
                                                                                </shadow>
                                                                              </value>
                                                                              <value name="TARGET_ID">
                                                                                <shadow type="DOMObjectSelector" id="!^Trj!)1zB3dXs85l!sQ">
                                                                                  <field name="DOM_OBJECT">CONTAINER</field>
                                                                                </shadow>
                                                                                <block type="text" id="A0:_pddd6icF`f^kCuwg">
                                                                                  <field name="TEXT">info_button</field>
                                                                                </block>
                                                                              </value>
                                                                              <next>
                                                                                <block type="setHTMLElemAttribute" id="3Kgi]oX}Iur1(cnR{ge@">
                                                                                  <field name="ATTRIBUTE">src</field>
                                                                                  <field name="PARENT">FALSE</field>
                                                                                  <value name="VALUE">
                                                                                    <shadow type="text" id="*,oxt;B-dD2;Vu?ksK4(">
                                                                                      <field name="TEXT"></field>
                                                                                    </shadow>
                                                                                    <block type="text" id="#2!(B@^eF9(@8}pd1W#L">
                                                                                      <field name="TEXT">media/info.png</field>
                                                                                    </block>
                                                                                  </value>
                                                                                  <value name="ID">
                                                                                    <shadow type="text" id="UzPL?KWs`ZhzUPidnZZ[">
                                                                                      <field name="TEXT">info_button_img</field>
                                                                                    </shadow>
                                                                                  </value>
                                                                                </block>
                                                                              </next>
                                                                            </block>
                                                                          </next>
                                                                        </block>
                                                                      </next>
                                                                    </block>
                                                                  </next>
                                                                </block>
                                                              </next>
                                                            </block>
                                                          </next>
                                                        </block>
                                                      </next>
                                                    </block>
                                                  </next>
                                                </block>
                                              </next>
                                            </block>
                                          </next>
                                        </block>
                                      </next>
                                    </block>
                                  </next>
                                </block>
                              </next>
                            </block>
                          </next>
                        </block>
                      </next>
                    </block>
                  </next>
                </block>
              </next>
            </block>
          </next>
        </block>
      </next>
    </block>
  </tab>
  <tab name="main" type="CommonTab" active="false" scrollx="473.80498797253836" scrolly="412.0000000000003" scale="0.5525219281866832">
    <block xmlns="https://developers.google.com/blockly/xml" type="hide" id="11A`BHg.xJ.cvIM.qtl9" x="-850" y="-670">
      <value name="VALUE">
        <shadow type="objectList" id="bMr8]q7g:HB+2O1ylQ{|">
          <field name="FIELDNAME">&lt;none&gt;</field>
        </shadow>
        <block type="groupList" id="u06Jam!X7ScWu./NggDn">
          <field name="FIELDNAME">indicator_group</field>
        </block>
      </value>
      <next>
        <block type="hide" id="=wgM;Mx2@~nnq![.8jfF">
          <value name="VALUE">
            <shadow type="objectList" id="~Uds%-;`8nzp:N(BP$QG">
              <field name="FIELDNAME">&lt;none&gt;</field>
            </shadow>
            <block type="lists_create_with" id="M@Cd}eaT]`,EaN]CqmYy">
              <mutation items="7"></mutation>
              <value name="ADD0">
                <block type="objectList" id=",=AtbNEOIPb_gh!z,X?f">
                  <field name="FIELDNAME">prompt_move_around</field>
                </block>
              </value>
              <value name="ADD1">
                <block type="objectList" id="AaGyY7O_7/OIbyM[:R*c">
                  <field name="FIELDNAME">ready_button</field>
                </block>
              </value>
              <value name="ADD2">
                <block type="objectList" id="k72)aKnq+@.Z92k7%ufN">
                  <field name="FIELDNAME">edit_button</field>
                </block>
              </value>
              <value name="ADD3">
                <block type="objectList" id="fSQ#tSPoWgn4TP842e;1">
                  <field name="FIELDNAME">drag_move</field>
                </block>
              </value>
              <value name="ADD4">
                <block type="objectList" id=";R%IQ.flQsqr9TWg4aBv">
                  <field name="FIELDNAME">drag_rotate</field>
                </block>
              </value>
              <value name="ADD5">
                <block type="objectList" id="5]1S=0FT4gz@$zGc|ODi">
                  <field name="FIELDNAME">drag_scale</field>
                </block>
              </value>
              <value name="ADD6">
                <block type="objectList" id="O#%cLZd:71NWcbr*Nd,j">
                  <field name="FIELDNAME">scale_percentage</field>
                </block>
              </value>
            </block>
          </value>
          <next>
            <block type="playAnimationAdv" id="2J@Jz%A%7(*G_OA5{H(*">
              <mutation xmlns="http://www.w3.org/1999/xhtml" advplaybackoptions="true" enablewhenfinished="false"></mutation>
              <field name="REVERSED">FALSE</field>
              <field name="LOOP">LoopRepeat</field>
              <value name="VALUE">
                <shadow type="animationList" id="v[:5Lu!g5DN,yXmirpAi">
                  <field name="FIELDNAME">miku_armature</field>
                </shadow>
              </value>
              <value name="FROM">
                <shadow type="math_number" id="GB@ejxLybrdOq}o*WWC$">
                  <field name="NUM">0</field>
                </shadow>
              </value>
              <value name="TO">
                <shadow type="math_number" id="WPC?Sf.y0;c)52,WqMHb">
                  <field name="NUM">217</field>
                </shadow>
              </value>
              <value name="SPEED">
                <shadow type="math_number" id="zcJtmBK2k[%[uLn?wQ$!">
                  <field name="NUM">1</field>
                </shadow>
              </value>
            </block>
          </next>
        </block>
      </next>
    </block>
    <block xmlns="https://developers.google.com/blockly/xml" type="volume" id="(FA-czTTUnt^RNYD1^|t" x="-810" y="-350">
      <value name="VALUE">
        <block type="loadSoundAdv" id="(K{ACK5Ka[15PUH[r,u?">
          <field name="TYPE">SOUND</field>
          <value name="URL">
            <shadow type="text" id="KO@(,4itN+C2|s5#OPiu">
              <field name="TEXT">sounds/hello.mp3</field>
            </shadow>
          </value>
        </block>
      </value>
      <value name="VOLUME">
        <shadow type="math_number" id="r*(o}oyYSFrb!0P@A.V!">
          <field name="NUM">0.5</field>
        </shadow>
      </value>
      <next>
        <block type="whenClicked" id="@|[om.c(0Q%YxSN*0o@g" inline="false">
          <mutation xmlns="http://www.w3.org/1999/xhtml" adveventoptions="false" enableifmissed="false"></mutation>
          <field name="X_RAY">FALSE</field>
          <field name="DOUBLE_CLICK">FALSE</field>
          <field name="LEFT_BUTTON">TRUE</field>
          <field name="MIDDLE_BUTTON">TRUE</field>
          <field name="RIGHT_BUTTON">TRUE</field>
          <value name="VALUE">
            <shadow type="objectList" id="5bT?@q!mLk%[FUb2hU+,">
              <field name="FIELDNAME">miku_mesh</field>
            </shadow>
          </value>
          <statement name="DO">
            <block type="stopAnimation" id="xx!SNpTyCv}gs]}]ANcT">
              <value name="VALUE">
                <shadow type="animationList" id="ZRC*GSJ+7Px)kZN4{%QO">
                  <field name="FIELDNAME">miku_armature</field>
                </shadow>
              </value>
              <next>
                <block type="playSound" id="iQln[g1]rV{A6FI1H2^1">
                  <field name="LOOP">FALSE</field>
                  <value name="VALUE">
                    <block type="loadSoundAdv" id="uzl{h@Kk}`%8JD,`n`)+">
                      <field name="TYPE">SOUND</field>
                      <value name="URL">
                        <shadow type="text" id="GQ,QXBbkbaOMt4.}pMk,">
                          <field name="TEXT">sounds/hello.mp3</field>
                        </shadow>
                      </value>
                    </block>
                  </value>
                  <next>
                    <block type="playAnimationAdv" id="!2ry7Az+NTkCEISeAg/g">
                      <mutation xmlns="http://www.w3.org/1999/xhtml" advplaybackoptions="true" enablewhenfinished="true"></mutation>
                      <field name="REVERSED">FALSE</field>
                      <field name="LOOP">LoopOnce</field>
                      <value name="VALUE">
                        <shadow type="animationList" id="PIC(Ta2x7$#GVU+%:ecV">
                          <field name="FIELDNAME">miku_armature</field>
                        </shadow>
                      </value>
                      <value name="FROM">
                        <shadow type="math_number" id="_rAWO)%5~XuIxEgt6~u!">
                          <field name="NUM">217</field>
                        </shadow>
                      </value>
                      <value name="TO">
                        <shadow type="math_number" id="H8-8+fQVh1,l]P4bPCB!">
                          <field name="NUM">275</field>
                        </shadow>
                      </value>
                      <value name="SPEED">
                        <shadow type="math_number" id="pg.hpuF8{JM/RUCktX*{">
                          <field name="NUM">1</field>
                        </shadow>
                      </value>
                      <statement name="DO">
                        <block type="playAnimationAdv" id="WGprEU,i;CT*:?!_IB(k">
                          <mutation xmlns="http://www.w3.org/1999/xhtml" advplaybackoptions="true" enablewhenfinished="false"></mutation>
                          <field name="REVERSED">FALSE</field>
                          <field name="LOOP">LoopRepeat</field>
                          <value name="VALUE">
                            <shadow type="animationList" id="8:YL#3LvfrEO`(|Gzw(e">
                              <field name="FIELDNAME">miku_armature</field>
                            </shadow>
                          </value>
                          <value name="FROM">
                            <shadow type="math_number" id="`ewa!oFqbm{lpnLGH`w2">
                              <field name="NUM">0</field>
                            </shadow>
                          </value>
                          <value name="TO">
                            <shadow type="math_number" id="x.Gsj-ozg.t_D_3Z:SxN">
                              <field name="NUM">217</field>
                            </shadow>
                          </value>
                          <value name="SPEED">
                            <shadow type="math_number" id="*~yj-?sI9ar.11K!srE=">
                              <field name="NUM">1</field>
                            </shadow>
                          </value>
                        </block>
                      </statement>
                    </block>
                  </next>
                </block>
              </next>
            </block>
          </statement>
        </block>
      </next>
    </block>
  </tab>
  <tab name="ARVR" type="CommonTab" active="true" scrollx="-143.44127890874125" scrolly="-94.34184789481517" scale="0.613913253540759">
    <block xmlns="https://developers.google.com/blockly/xml" type="checkARMode" id="!NBVO@pM6^/aHq[u!ocN" x="130" y="-70">
      <statement name="DO_AVAIL">
        <block type="eventHTMLElem" id="9a/~6O=^-F-D(,)3P^Wn">
          <field name="EVENT">pointerup</field>
          <field name="PARENT">FALSE</field>
          <value name="ID">
            <shadow type="text" id="*{0yYbtF$0LS/!,h+n8;">
              <field name="TEXT">myElem</field>
            </shadow>
            <block type="text" id="7/rcsJyLpJYQ{W@/$}s=">
              <field name="TEXT">enter_AR_button</field>
            </block>
          </value>
          <statement name="DO">
            <block type="enterARMode" id="`Sy(j9=N*Oc2!nB(WU~K">
              <field name="REF_SPACE">ORIGIN</field>
              <field name="ALLOW_HTML">TRUE</field>
              <statement name="DO_ENTER">
                <block type="hide" id="qGCzgrlgdh}U=I{VG%zR">
                  <value name="VALUE">
                    <shadow type="objectList" id=")m0TI`!1UbRh,7`x{JpS">
                      <field name="FIELDNAME">&lt;none&gt;</field>
                    </shadow>
                    <block type="groupList" id="dFa!#mHX,L5W:.[.#[bs">
                      <field name="FIELDNAME">miku_group</field>
                    </block>
                  </value>
                  <next>
                    <block type="show" id="2eDPciDh++}_#%8*Jy)y">
                      <value name="VALUE">
                        <shadow type="objectList" id="htV1^;-kbRw|@wui0ESv">
                          <field name="FIELDNAME">&lt;none&gt;</field>
                        </shadow>
                        <block type="objectList" id="+{r=H`r8(-V2aCm5mn.Y">
                          <field name="FIELDNAME">prompt_move_around</field>
                        </block>
                      </value>
                      <next>
                        <block type="arHitTest" id="C/-7N-SN1PiiNbVR4a)S">
                          <value name="SMOOTH">
                            <shadow type="math_number" id="k]Lc3g?FvZ3C|hGc:hPw">
                              <field name="NUM">0.7</field>
                            </shadow>
                          </value>
                          <statement name="DO_HIT">
                            <block type="show" id="F~oP%_HP@l}Qox+%L6Nl">
                              <value name="VALUE">
                                <shadow type="objectList" id="bJ+V*BKWxNWQ-`]rB`n^">
                                  <field name="FIELDNAME">&lt;none&gt;</field>
                                </shadow>
                                <block type="groupList" id="`D{hs2/7?INC8geg0pZs">
                                  <field name="FIELDNAME">indicator_group</field>
                                </block>
                              </value>
                              <next>
                                <block type="setObjTransform" id=",#RtjP?uCSJU,2-ax*aX">
                                  <mutation xmlns="http://www.w3.org/1999/xhtml" usevectorslot="false" useworldspace="false"></mutation>
                                  <field name="MODE">position</field>
                                  <field name="OFFSET">FALSE</field>
                                  <value name="TARGETOBJ">
                                    <shadow type="objectList" id="?-@|KSYP!xmWI;@]enH8">
                                      <field name="FIELDNAME">indicator_invis_plane</field>
                                    </shadow>
                                  </value>
                                  <value name="X">
                                    <block type="arHitPoint" id="QJ;}K!4O[34TCFtysWwv">
                                      <field name="COORD">x</field>
                                    </block>
                                  </value>
                                  <value name="Y">
                                    <block type="arHitPoint" id="ltzjJRY*:2%0vbY@)yyM">
                                      <field name="COORD">y</field>
                                    </block>
                                  </value>
                                  <value name="Z">
                                    <block type="arHitPoint" id="twCB:F_Fu@tXJ!VzksDJ">
                                      <field name="COORD">z</field>
                                    </block>
                                  </value>
                                  <next>
                                    <block type="hide" id="VvZ]r(GNn9OElp9+[[vb">
                                      <value name="VALUE">
                                        <shadow type="objectList" id="V~!K1?X?[3nwo`Yl?zSk">
                                          <field name="FIELDNAME">&lt;none&gt;</field>
                                        </shadow>
                                        <block type="objectList" id="o1B/DyIuuFGywQy[.n^z">
                                          <field name="FIELDNAME">prompt_move_around</field>
                                        </block>
                                      </value>
                                    </block>
                                  </next>
                                </block>
                              </next>
                            </block>
                          </statement>
                          <statement name="DO_MISS">
                            <block type="hide" id="dn3_;,L]_7{tyT1Q-l._">
                              <value name="VALUE">
                                <shadow type="objectList" id=")m0TI`!1UbRh,7`x{JpS">
                                  <field name="FIELDNAME">&lt;none&gt;</field>
                                </shadow>
                                <block type="groupList" id="jLWZIhV8SPCKG`R2A)kI">
                                  <field name="FIELDNAME">miku_group</field>
                                </block>
                              </value>
                            </block>
                          </statement>
                        </block>
                      </next>
                    </block>
                  </next>
                </block>
              </statement>
            </block>
          </statement>
        </block>
      </statement>
      <statement name="DO_USDZ">
        <block type="setHTMLElemAttribute" id="`,NIP|aADM1Q7{|J_T_*">
          <field name="ATTRIBUTE">href</field>
          <field name="PARENT">FALSE</field>
          <value name="VALUE">
            <shadow type="text" id="od8Znk8%wU31/kb){[~y">
              <field name="TEXT">https://www.soft8soft.com</field>
            </shadow>
            <block type="exportToUSDZ" id="ifGC-tXEOS^|b4~`-_f!">
              <value name="OBJ_NAME">
                <shadow type="objectList" id="E={6uYgx5=8;L!pGz;?o">
                  <field name="FIELDNAME">miku_mesh</field>
                </shadow>
              </value>
            </block>
          </value>
          <value name="ID">
            <shadow type="text" id="m{2E_mE^EK375Zz)v}LX">
              <field name="TEXT">enter_AR_button</field>
            </shadow>
          </value>
          <next>
            <block type="setHTMLElemAttribute" id="jfE1H#p.Ffi86oMaKAVu">
              <field name="ATTRIBUTE">rel</field>
              <field name="PARENT">FALSE</field>
              <value name="VALUE">
                <shadow type="text" id="-p3tA[)4rU`Wwg|x7rgW">
                  <field name="TEXT"></field>
                </shadow>
                <block type="text" id="eWJ5YY0VnA!EO(@/.1tY">
                  <field name="TEXT">ar</field>
                </block>
              </value>
              <value name="ID">
                <shadow type="text" id="SPWJbTQFSA:.}cd(JN9?">
                  <field name="TEXT">enter_AR_button</field>
                </shadow>
              </value>
              <next>
                <block type="setHTMLElemAttribute" id="*pe,(7w?ShPWt952-D16">
                  <field name="ATTRIBUTE">download</field>
                  <field name="PARENT">FALSE</field>
                  <value name="VALUE">
                    <shadow type="text" id="A+L(Tyh%;h(u,Ksq^QT-">
                      <field name="TEXT"></field>
                    </shadow>
                    <block type="text" id="%Nw3ECTH4/cidsy==@)|">
                      <field name="TEXT">miku.usdz</field>
                    </block>
                  </value>
                  <value name="ID">
                    <shadow type="text" id="Jfubr=znR5~!n()2Xt,)">
                      <field name="TEXT">enter_AR_button</field>
                    </shadow>
                  </value>
                </block>
              </next>
            </block>
          </next>
        </block>
      </statement>
    </block>
    <block xmlns="https://developers.google.com/blockly/xml" type="whenClicked" id="^ax~nGt)nY8J;./:8{a/" inline="false" x="390" y="570">
      <mutation xmlns="http://www.w3.org/1999/xhtml" adveventoptions="false" enableifmissed="false"></mutation>
      <field name="X_RAY">FALSE</field>
      <field name="DOUBLE_CLICK">FALSE</field>
      <field name="LEFT_BUTTON">TRUE</field>
      <field name="MIDDLE_BUTTON">TRUE</field>
      <field name="RIGHT_BUTTON">TRUE</field>
      <value name="VALUE">
        <shadow type="objectList" id="+/$SW[9MN0=q7:xpc#an">
          <field name="FIELDNAME">indicator_invis_plane</field>
        </shadow>
      </value>
      <statement name="DO">
        <block type="show" id="!zvRzACPv+tT5X!Y[tq^">
          <value name="VALUE">
            <shadow type="objectList" id="tcCu6lf}^E+%npB`ZydD">
              <field name="FIELDNAME">&lt;none&gt;</field>
            </shadow>
            <block type="groupList" id="eA(pcj3+.D(6I0}W8Yhm">
              <field name="FIELDNAME">miku_group</field>
            </block>
          </value>
          <next>
            <block type="setObjTransform" id="=`|;64d[c*HamY~((Sl;">
              <mutation xmlns="http://www.w3.org/1999/xhtml" usevectorslot="false" useworldspace="false"></mutation>
              <field name="MODE">position</field>
              <field name="OFFSET">FALSE</field>
              <value name="TARGETOBJ">
                <shadow type="objectList" id="^o+DhY(faLTDJNtnz1=?">
                  <field name="FIELDNAME">miku_armature</field>
                </shadow>
              </value>
              <value name="X">
                <block type="arHitPoint" id="mhN9b1UnZ|:1|c~@o*0{">
                  <field name="COORD">x</field>
                </block>
              </value>
              <value name="Y">
                <block type="arHitPoint" id="p9s4b%0{JCQ~I]eUCK-*">
                  <field name="COORD">y</field>
                </block>
              </value>
              <value name="Z">
                <block type="arHitPoint" id="}(KS)P(T[~@aw`nPnecm">
                  <field name="COORD">z</field>
                </block>
              </value>
              <next>
                <block type="setObjDirection" id="N1fq%q8$$f+F107k57Q$">
                  <mutation xmlns="http://www.w3.org/1999/xhtml" usevectorslot="true"></mutation>
                  <field name="POINT">TRUE</field>
                  <field name="LOCK_UP">TRUE</field>
                  <value name="TARGETOBJ">
                    <shadow type="objectList" id="/hrWFf#3b$WQ+NbdtETy">
                      <field name="FIELDNAME">miku_armature</field>
                    </shadow>
                  </value>
                  <value name="USE_VECTOR">
                    <block type="getObjTransform" id="(k_N07xA[}#HT.c^mi}t">
                      <mutation xmlns="http://www.w3.org/1999/xhtml" useworldspace="false"></mutation>
                      <field name="MODE">position</field>
                      <field name="COORD">xyz</field>
                      <value name="TARGETOBJ">
                        <shadow type="objectList" id="V6v(h6MdUQn[-XzQufS(">
                          <field name="FIELDNAME">Camera</field>
                        </shadow>
                      </value>
                    </block>
                  </value>
                </block>
              </next>
            </block>
          </next>
        </block>
      </statement>
    </block>
  </tab>
  <editorsettings viewport-x="903.5999999999999" viewport-y="37" viewport-w="614.4" viewport-h="347.5" viewport-hidden="false" toolbox-library-mode="false" toolbox-minimized-mode="false"></editorsettings>
</xml>